id,d1,d2,d3,d4,d5,d6,c1,c2
17,-0.0414550390412852,-1.5226309946734453,-1.2215588126927426,-0.14673320201323659,-0.2187802566102861,0.7547014024917444,White,Male
50,0.6394488707099147,-0.7563823036863362,-0.43812160560466173,-0.14673320201323659,-0.2187802566102861,1.5875228651890452,White,Male
83,1.3960087704334703,0.5702706433565747,0.34531560148341905,-0.14673320201323659,-0.2187802566102861,-0.07812006020555637,White,Male
134,2.3795366400740923,-0.7985640835002661,-0.04640300206062135,-0.14673320201323659,-0.2187802566102861,-0.07812006020555637,White,Male
213,-0.26842300895835186,3.302298189357262,-1.2215588126927426,0.3427192516171742,-0.2187802566102861,-0.07812006020555637,Black,Male
247,-0.41973498890306293,-0.040276540812868536,1.1287528085714997,-0.14673320201323659,-0.2187802566102861,0.338290671143094,White,Female
275,-0.11711102901364075,-1.2524915309054654,1.1287528085714997,-0.14673320201323659,-0.2187802566102861,1.5875228651890452,White,Female
299,-0.26842300895835186,-0.034312779304166596,-0.43812160560466173,-0.14673320201323659,-0.2187802566102861,0.338290671143094,White,Male
511,2.303880650101737,-0.5066048256409243,-1.2215588126927426,-0.14673320201323659,-0.2187802566102861,-0.07812006020555637,White,Female
648,0.5637928807375592,1.0018292519600873,2.303908619203621,3.2152216482363682,-0.2187802566102861,2.0039335965376956,White,Female
978,-0.34407899893070737,-0.30148929489401366,0.7370342050274594,-0.14673320201323659,-0.2187802566102861,-0.07812006020555637,White,Female
1013,0.33682491082049254,-0.07081478625266611,-0.04640300206062135,-0.14673320201323659,-0.2187802566102861,-0.07812006020555637,White,Female
1074,2.0012566902123146,1.5218313903664604,1.1287528085714997,1.2660711721703526,-0.2187802566102861,-1.743762985600158,White,Male
1135,-0.34407899893070737,2.3828470916132765,-0.43812160560466173,-0.14673320201323659,-0.2187802566102861,-1.4106344005212377,White,Female
1356,-0.9493269187095518,-0.06302403113891739,0.34531560148341905,-0.14673320201323659,-0.2187802566102861,-0.07812006020555637,White,Female
1519,0.18551293087578144,2.197468771573736,-0.43812160560466173,-0.14673320201323659,-0.2187802566102861,-0.07812006020555637,Black,Male
1543,-0.9493269187095518,0.46416301994222536,-0.43812160560466173,-0.14673320201323659,-0.2187802566102861,1.5875228651890452,White,Male
1815,-0.26842300895835186,1.334077032011549,-0.04640300206062135,-0.14673320201323659,-0.2187802566102861,-0.07812006020555637,White,Male
1824,1.093384810544048,0.6661546756131493,1.9121900156595806,-0.14673320201323659,-0.2187802566102861,0.7547014024917444,White,Female
1926,-0.26842300895835186,2.085416319226903,-0.04640300206062135,-0.14673320201323659,-0.2187802566102861,0.7547014024917444,White,Male
1999,-0.8736709287371962,1.6037810465265125,1.1287528085714997,-0.14673320201323659,-0.2187802566102861,-0.07812006020555637,White,Female
2137,2.0012566902123146,-0.4776947817558835,1.1287528085714997,13.175192739899513,-0.2187802566102861,1.5875228651890452,White,Male
2473,0.8664168406269813,-0.1418308796467645,-0.43812160560466173,-0.14673320201323659,-0.2187802566102861,-0.07812006020555637,White,Male
2631,1.3203527804611146,1.854419956789848,-2.3967146233248635,-0.14673320201323659,-0.2187802566102861,-0.07812006020555637,White,Female
2826,-0.0414550390412852,0.7280547335582318,1.5204714121155403,-0.14673320201323659,-0.2187802566102861,1.5875228651890452,White,Male
3128,1.0177288205716926,-0.6821476723351606,-0.04640300206062135,-0.14673320201323659,-0.2187802566102861,-0.07812006020555637,White,Male
3263,0.034200950931070354,-1.0940353342480658,-0.8298402091487022,-0.14673320201323659,-0.2187802566102861,-0.07812006020555637,White,Female
3269,-0.6467029588201295,-0.6831321662985018,-0.43812160560466173,-0.14673320201323659,-0.2187802566102861,1.5875228651890452,White,Female
3304,2.530848620018803,-1.3025303298499076,2.303908619203621,-0.14673320201323659,5.688098278246008,-1.3273522542515075,White,Male
3436,0.5637928807375592,0.30897269268244815,-0.43812160560466173,-0.14673320201323659,-0.2187802566102861,0.17172637860363388,White,Male
3598,-0.7223589487924851,-0.05781757267893949,-1.2215588126927426,-0.14673320201323659,-0.2187802566102861,-0.07812006020555637,White,Male
3641,0.4124809007928481,1.0090236309229659,1.1287528085714997,-0.14673320201323659,-0.2187802566102861,-0.07812006020555637,White,Male
3794,-1.1762948886266185,0.053733166398114006,-0.43812160560466173,-0.14673320201323659,-0.2187802566102861,-0.07812006020555637,Black,Female
3916,0.261168920848137,1.854031838977377,-0.43812160560466173,-0.14673320201323659,-0.2187802566102861,0.7547014024917444,White,Male
3925,1.925600700239959,0.09052862827799409,-2.3967146233248635,-0.14673320201323659,-0.2187802566102861,-0.9109415229028571,White,Female
4008,-1.403262858543685,-1.5400300322178806,-0.04640300206062135,-0.14673320201323659,-0.2187802566102861,-1.743762985600158,White,Female
4147,0.6394488707099147,-1.1044387848799124,-2.3967146233248635,-0.14673320201323659,-0.2187802566102861,-0.49453079155420676,Black,Female
4266,-0.34407899893070737,-1.4706894718190842,-0.04640300206062135,-0.14673320201323659,-0.2187802566102861,0.7547014024917444,White,Male
4426,-1.1006388986542628,-1.1886603501861366,0.34531560148341905,-0.14673320201323659,-0.2187802566102861,-0.07812006020555637,Black,Female
4494,0.4124809007928481,-0.008772733985947795,0.34531560148341905,-0.14673320201323659,-0.2187802566102861,-0.07812006020555637,White,Male
4574,0.034200950931070354,0.23742648715424292,1.1287528085714997,-0.14673320201323659,-0.2187802566102861,1.5875228651890452,White,Male
4640,-1.251950878598974,0.25034797042309714,-1.2215588126927426,-0.14673320201323659,-0.2187802566102861,0.338290671143094,White,Male
4682,-0.41973498890306293,0.1506490240585751,0.7370342050274594,-0.14673320201323659,-0.2187802566102861,-1.743762985600158,White,Male
4932,-0.9493269187095518,0.14855697438647492,-0.04640300206062135,-0.14673320201323659,-0.2187802566102861,0.338290671143094,White,Male
5017,1.1690408005164035,-0.06954630364605331,-0.43812160560466173,-0.14673320201323659,-0.2187802566102861,-0.49453079155420676,White,Female
5023,1.6986327303228923,-0.9862616441265235,-0.04640300206062135,1.854772966561421,-0.2187802566102861,-1.9103272781396181,White,Male
5131,-0.5710469688477741,-0.11416091950400928,1.1287528085714997,-0.14673320201323659,-0.2187802566102861,-0.07812006020555637,White,Male
5281,1.3960087704334703,-0.8299732274460964,1.5204714121155403,-0.14673320201323659,-0.2187802566102861,-0.07812006020555637,White,Male
5376,2.07691268018467,-0.041327298792973165,-1.613277416236783,-0.14673320201323659,-0.2187802566102861,-0.9109415229028571,White,Male
5518,-0.26842300895835186,0.0017159132388803856,1.1287528085714997,-0.14673320201323659,-0.2187802566102861,-0.9109415229028571,White,Female
5881,-0.11711102901364075,0.06250841547520401,-2.0049960197808234,-0.14673320201323659,-0.2187802566102861,-2.0768915706790785,White,Female
6073,0.33682491082049254,1.1670727771916765,-0.43812160560466173,0.43757231285420534,-0.2187802566102861,-0.07812006020555637,Black,Male
6326,-1.4789188485160405,0.4365309249519064,-0.43812160560466173,-0.14673320201323659,-0.2187802566102861,-0.49453079155420676,White,Male
6429,1.3203527804611146,0.08191430609875795,-0.43812160560466173,-0.14673320201323659,-0.2187802566102861,-0.07812006020555637,White,Female
6466,-0.34407899893070737,-1.5217127647268676,0.34531560148341905,-0.14673320201323659,-0.2187802566102861,-0.07812006020555637,White,Female
6530,0.4124809007928481,0.6097355984832071,1.5204714121155403,-0.14673320201323659,-0.2187802566102861,-0.07812006020555637,White,Male
6543,-0.4953909788754185,-0.06398959252604056,-0.04640300206062135,-0.14673320201323659,-0.2187802566102861,-1.743762985600158,White,Female
6786,-0.34407899893070737,-0.0706254604904851,-0.04640300206062135,-0.14673320201323659,4.441035711313555,-0.07812006020555637,White,Female
6853,1.3203527804611146,0.28106607533696665,-1.613277416236783,-0.14673320201323659,-0.2187802566102861,-0.07812006020555637,White,Male
6861,-0.11711102901364075,1.311708193209862,1.1287528085714997,-0.14673320201323659,-0.2187802566102861,-0.4112486452844767,White,Female
7062,-0.0414550390412852,-0.6365296299376453,1.1287528085714997,0.39467528235094124,-0.2187802566102861,-0.07812006020555637,White,Male
7117,0.18551293087578144,0.33565815886186207,-0.43812160560466173,-0.14673320201323659,-0.2187802566102861,-0.07812006020555637,White,Male
7446,-0.26842300895835186,-0.11133049935940312,-0.43812160560466173,-0.14673320201323659,-0.2187802566102861,-0.07812006020555637,White,Male
7597,2.8334725799082254,0.3429566669939402,-0.04640300206062135,-0.14673320201323659,-0.2187802566102861,-2.743148740836919,White,Male
7627,0.4881368907652036,-0.08922671662476973,-0.04640300206062135,-0.14673320201323659,-0.2187802566102861,-0.07812006020555637,White,Female
7746,-0.34407899893070737,0.021462590234360153,1.1287528085714997,-0.14673320201323659,-0.2187802566102861,-0.07812006020555637,White,Male
7860,-0.7223589487924851,-0.7755042056666186,-0.43812160560466173,-0.14673320201323659,-0.2187802566102861,-0.07812006020555637,White,Male
8081,0.1098569409034259,0.09057595971853935,-0.43812160560466173,-0.14673320201323659,-0.2187802566102861,-0.07812006020555637,White,Male
8091,-0.7980149387648406,-1.2826037933803558,-0.43812160560466173,-0.14673320201323659,-0.2187802566102861,1.5875228651890452,White,Male
8398,1.5473207503781812,0.4064565276294523,1.5204714121155403,-0.14673320201323659,-0.2187802566102861,-0.07812006020555637,White,Male
8879,1.2446967904887591,-0.14442464258864438,-1.613277416236783,-0.14673320201323659,-0.2187802566102861,-0.9942236691725872,White,Male
8963,0.4124809007928481,3.597438120021245,0.34531560148341905,-0.14673320201323659,-0.2187802566102861,-0.07812006020555637,Black,Male
9434,-0.4953909788754185,0.9582653940822359,1.1287528085714997,-0.14673320201323659,3.7076147561077355,-0.07812006020555637,White,Female
9460,-1.403262858543685,0.10857137341384474,-0.43812160560466173,-0.14673320201323659,-0.2187802566102861,-0.07812006020555637,White,Male
9548,0.5637928807375592,-0.013647872362108907,-0.43812160560466173,-0.14673320201323659,-0.2187802566102861,-0.07812006020555637,White,Female
9648,-1.1006388986542628,-0.44804636739833664,1.1287528085714997,-0.14673320201323659,-0.2187802566102861,-0.07812006020555637,White,Male
9749,3.892656439521203,-0.13483529273417602,-0.43812160560466173,1.1036752709794242,-0.2187802566102861,0.7547014024917444,White,Male
9751,-0.6467029588201295,0.048905359462498146,1.9121900156595806,-0.14673320201323659,-0.2187802566102861,1.171112133840395,White,Male
9819,-0.11711102901364075,-0.7192933868750755,1.1287528085714997,-0.14673320201323659,-0.2187802566102861,-0.07812006020555637,White,Male
9944,-0.11711102901364075,1.2515215334125176,1.9121900156595806,-0.14673320201323659,-0.2187802566102861,-0.07812006020555637,White,Male
10002,-1.1762948886266185,-1.0151432891472372,-0.04640300206062135,-0.14673320201323659,-0.2187802566102861,-1.0775058154423174,White,Female
10057,0.5637928807375592,-1.024609577256288,-0.43812160560466173,-0.14673320201323659,-0.2187802566102861,0.5881371099522843,White,Female
10091,-0.6467029588201295,-0.66560060072054,-0.04640300206062135,-0.14673320201323659,-0.2187802566102861,2.420344327886346,White,Male
10337,0.6394488707099147,1.2198094682471978,-0.43812160560466173,-0.14673320201323659,-0.2187802566102861,-1.3273522542515075,White,Male
10353,-0.11711102901364075,0.9458550903712705,-0.43812160560466173,-0.14673320201323659,-0.2187802566102861,0.7547014024917444,White,Male
10469,-0.9493269187095518,0.6604654364596099,-0.04640300206062135,-0.14673320201323659,-0.2187802566102861,-0.07812006020555637,White,Male
10550,0.18551293087578144,0.040328902435698206,-0.43812160560466173,-0.14673320201323659,-0.2187802566102861,0.25500852487336395,White,Male
10784,-0.0414550390412852,-1.1173413355725486,0.34531560148341905,-0.14673320201323659,-0.2187802566102861,-0.07812006020555637,White,Female
10790,-0.26842300895835186,0.8408171575132438,-0.43812160560466173,-0.14673320201323659,-0.2187802566102861,-0.9109415229028571,White,Male
10825,0.8664168406269813,-0.11594058166851082,-0.43812160560466173,-0.14673320201323659,-0.2187802566102861,-0.07812006020555637,White,Male
10907,-1.1006388986542628,-0.8464161698915175,-0.04640300206062135,-0.14673320201323659,-0.2187802566102861,0.5881371099522843,White,Male
11261,-1.1006388986542628,-0.6794497802240811,-0.43812160560466173,0.43757231285420534,-0.2187802566102861,-0.07812006020555637,White,Male
11563,0.261168920848137,-0.2730241665500982,-0.04640300206062135,-0.14673320201323659,-0.2187802566102861,-1.4939165467909676,White,Female
11614,-0.7223589487924851,2.1802685260795913,-0.43812160560466173,-0.14673320201323659,-0.2187802566102861,-0.07812006020555637,White,Male
11722,0.9420728305993369,-0.4479801033815733,0.34531560148341905,-0.14673320201323659,-0.2187802566102861,0.7547014024917444,White,Female
11805,-1.3276068685713296,1.3233422612958854,-1.2215588126927426,-0.14673320201323659,-0.2187802566102861,-0.07812006020555637,White,Male
11820,0.034200950931070354,-0.07375880185458088,1.1287528085714997,-0.14673320201323659,-0.2187802566102861,-0.49453079155420676,White,Female
11874,-0.1927670189859963,0.47888309795179923,-0.04640300206062135,-0.14673320201323659,-0.2187802566102861,-0.07812006020555637,Black,Female
12200,0.4881368907652036,3.473344549199699,-0.43812160560466173,-0.14673320201323659,-0.2187802566102861,-0.07812006020555637,Black,Male
12428,-1.0249829086819073,0.3966683857246939,-0.43812160560466173,-0.14673320201323659,-0.2187802566102861,-0.07812006020555637,White,Female
12678,0.8664168406269813,0.15210683242736892,1.5204714121155403,1.854772966561421,-0.2187802566102861,-0.07812006020555637,White,Male
12729,0.33682491082049254,-0.48799410321853065,-0.43812160560466173,-0.14673320201323659,4.132356858112453,-0.49453079155420676,Black,Female
12912,-1.0249829086819073,1.9585585922775148,-0.04640300206062135,-0.14673320201323659,-0.2187802566102861,1.2543942801101249,Black,Female
13142,0.4881368907652036,-0.824870898155318,-0.43812160560466173,-0.14673320201323659,-0.2187802566102861,-0.49453079155420676,White,Female
13192,0.18551293087578144,-1.070729332923583,-0.43812160560466173,-0.14673320201323659,-0.2187802566102861,-0.07812006020555637,White,Male
13229,1.1690408005164035,-0.1593813778009445,1.9121900156595806,0.54308302142124,-0.2187802566102861,0.7547014024917444,White,Male
13242,0.7907608506546259,-0.4380594334432882,-2.0049960197808234,-0.14673320201323659,-0.2187802566102861,-0.24468435274501651,White,Male
13253,0.33682491082049254,-0.49236752832491204,-0.43812160560466173,-0.14673320201323659,-0.2187802566102861,-0.07812006020555637,White,Male
13544,-1.0249829086819073,-0.27863767539876527,1.1287528085714997,-0.14673320201323659,-0.2187802566102861,-0.49453079155420676,White,Male
13667,-0.6467029588201295,-1.1061143178752144,-0.43812160560466173,0.30768223601978767,-0.2187802566102861,-0.07812006020555637,Asian-Pac-Islander,Male
13883,-0.7980149387648406,1.1308547588864484,1.1287528085714997,-0.14673320201323659,-0.2187802566102861,-0.07812006020555637,White,Female
13904,-1.403262858543685,0.053733166398114006,-0.43812160560466173,-0.14673320201323659,-0.2187802566102861,-1.743762985600158,Black,Female
14166,-1.0249829086819073,0.8553573760487457,-1.2215588126927426,-0.14673320201323659,-0.2187802566102861,-0.07812006020555637,White,Male
14358,1.6986327303228923,2.210967698417243,2.303908619203621,-0.14673320201323659,-0.2187802566102861,-0.07812006020555637,White,Male
14420,0.5637928807375592,-0.17876833584828034,-0.43812160560466173,-0.14673320201323659,-0.2187802566102861,0.7547014024917444,White,Male
14454,-0.0414550390412852,-0.7054252747953162,-1.613277416236783,-0.14673320201323659,-0.2187802566102861,-0.07812006020555637,White,Male
14776,1.8499447102676034,-0.07737492391223824,-0.04640300206062135,-0.14673320201323659,-0.2187802566102861,0.7547014024917444,White,Male
14777,-0.5710469688477741,-0.2952510110301492,-0.43812160560466173,-0.14673320201323659,-0.2187802566102861,-1.1607879617120473,White,Female
14807,-0.9493269187095518,-0.07638096366078792,-0.04640300206062135,-0.14673320201323659,-0.2187802566102861,-0.07812006020555637,White,Female
14942,0.6394488707099147,1.4689905701417394,0.7370342050274594,-0.14673320201323659,-0.2187802566102861,-0.07812006020555637,Black,Male
15040,1.4716647604058257,-1.4956994050031962,1.1287528085714997,-0.14673320201323659,-0.2187802566102861,0.7547014024917444,White,Male
15046,-0.6467029588201295,-0.5493829816057244,-0.43812160560466173,-0.14673320201323659,-0.2187802566102861,-0.07812006020555637,White,Male
15291,2.75781658993587,0.27249908459827576,-0.04640300206062135,-0.14673320201323659,-0.2187802566102861,-0.9109415229028571,White,Male
15599,0.1098569409034259,-1.4872270771455958,1.5204714121155403,-0.14673320201323659,-0.2187802566102861,1.5875228651890452,White,Male
15680,0.18551293087578144,-0.6670773416655519,-0.43812160560466173,-0.14673320201323659,-0.2187802566102861,-0.07812006020555637,White,Male
15738,-0.11711102901364075,-0.508403420381644,0.34531560148341905,-0.14673320201323659,-0.2187802566102861,-0.07812006020555637,White,Male
15968,1.5473207503781812,-0.43206727307025905,-0.43812160560466173,-0.14673320201323659,-0.2187802566102861,-0.07812006020555637,White,Male
16066,-1.4789188485160405,3.098328079471546,-0.43812160560466173,-0.14673320201323659,-0.2187802566102861,-0.07812006020555637,White,Female
16099,-1.403262858543685,0.08781180359069654,-0.04640300206062135,-0.14673320201323659,-0.2187802566102861,-2.4100201557579988,White,Male
16232,0.18551293087578144,0.06965546299753729,-0.04640300206062135,-0.14673320201323659,-0.2187802566102861,-1.743762985600158,Black,Male
16244,1.093384810544048,0.17576308641188662,-1.613277416236783,-0.14673320201323659,-0.2187802566102861,-0.5778129378239368,White,Male
16271,-0.26842300895835186,0.7531877284877615,-0.43812160560466173,-0.14673320201323659,-0.2187802566102861,-0.07812006020555637,Black,Female
16286,0.8664168406269813,-1.4506682724684419,-1.613277416236783,-0.14673320201323659,-0.2187802566102861,-0.07812006020555637,White,Male
16556,-1.3276068685713296,-0.39833888853771143,-0.43812160560466173,-0.14673320201323659,-0.2187802566102861,-0.49453079155420676,White,Female
16763,-0.34407899893070737,-0.7245187779112715,0.7370342050274594,-0.14673320201323659,-0.2187802566102861,-1.0775058154423174,White,Male
16773,2.2282246601293814,-0.2891357889117025,-0.04640300206062135,-0.14673320201323659,-0.2187802566102861,-0.07812006020555637,White,Female
16881,-0.9493269187095518,-1.1875054630368325,-0.43812160560466173,-0.14673320201323659,-0.2187802566102861,-0.07812006020555637,White,Male
17028,-0.5710469688477741,0.7191658890238333,-0.43812160560466173,0.8255106756663328,-0.2187802566102861,-0.07812006020555637,White,Male
17080,-1.1006388986542628,0.34962093382271187,-0.43812160560466173,-0.14673320201323659,-0.2187802566102861,-0.49453079155420676,Amer-Indian-Eskimo,Male
17174,1.093384810544048,0.8679664718100013,-0.43812160560466173,-0.14673320201323659,-0.2187802566102861,-0.07812006020555637,White,Male
17236,1.5473207503781812,0.007632343307037075,-0.43812160560466173,-0.14673320201323659,-0.2187802566102861,-0.07812006020555637,White,Male
17326,0.4881368907652036,0.07104700734956775,-0.8298402091487022,0.8774667064000998,-0.2187802566102861,-0.07812006020555637,White,Male
17354,-1.1006388986542628,0.04128499753471233,-0.43812160560466173,-0.14673320201323659,-0.2187802566102861,0.338290671143094,White,Female
17529,0.18551293087578144,0.3200861149224737,-3.1801518304129446,-0.14673320201323659,-0.2187802566102861,-0.07812006020555637,White,Male
17536,-0.5710469688477741,-0.03137822999036088,1.5204714121155403,-0.14673320201323659,-0.2187802566102861,-1.3273522542515075,White,Female
17665,1.093384810544048,-0.5436558772997487,-0.43812160560466173,-0.14673320201323659,-0.2187802566102861,-0.07812006020555637,White,Female
17670,-0.5710469688477741,-0.7555776691970669,-2.3967146233248635,-0.14673320201323659,-0.2187802566102861,-0.07812006020555637,White,Female
17860,-0.1927670189859963,-1.4864508415206537,-0.04640300206062135,0.29622526514003394,-0.2187802566102861,0.338290671143094,White,Female
17905,-0.0414550390412852,-1.0146226433012393,-0.43812160560466173,-0.0676001705879606,-0.2187802566102861,0.7547014024917444,White,Male
17969,-0.5710469688477741,-0.3808073229597495,0.34531560148341905,0.314742927375915,-0.2187802566102861,-0.24468435274501651,White,Male
18385,-0.7223589487924851,-0.25959150372335527,0.34531560148341905,-0.14673320201323659,-0.2187802566102861,-0.07812006020555637,Other,Male
18485,-0.26842300895835186,1.5761678841124116,0.7370342050274594,-0.14673320201323659,-0.2187802566102861,3.2531657905836466,White,Female
18498,-1.4789188485160405,0.09239348703547708,-0.43812160560466173,-0.14673320201323659,-0.2187802566102861,-0.07812006020555637,White,Male
18519,-0.11711102901364075,-0.4418554149750175,-0.04640300206062135,-0.14673320201323659,-0.2187802566102861,-0.07812006020555637,White,Male
18521,0.4124809007928481,0.3867666483626268,1.1287528085714997,-0.14673320201323659,-0.2187802566102861,-0.49453079155420676,White,Male
18546,-0.26842300895835186,0.2381364587624217,-0.43812160560466173,-0.14673320201323659,-0.2187802566102861,-0.07812006020555637,Other,Male
18746,-0.26842300895835186,0.11986465512794223,1.1287528085714997,-0.14673320201323659,-0.2187802566102861,-0.07812006020555637,Asian-Pac-Islander,Male
18851,2.8334725799082254,0.44627173541611953,-0.43812160560466173,-0.14673320201323659,-0.2187802566102861,-0.9109415229028571,White,Male
18940,-1.1762948886266185,-0.8204501416083914,-0.43812160560466173,-0.14673320201323659,-0.2187802566102861,-0.07812006020555637,White,Female
19063,-1.5545748384883962,0.08407261978762151,-0.8298402091487022,-0.0676001705879606,-0.2187802566102861,-1.743762985600158,White,Male
19137,-0.4953909788754185,-0.7068357517235648,-0.43812160560466173,-0.14673320201323659,-0.2187802566102861,-0.07812006020555637,White,Male
19353,-0.26842300895835186,-0.18516754660999862,-0.43812160560466173,0.8255106756663328,-0.2187802566102861,1.5875228651890452,White,Male
19428,-1.1762948886266185,-0.24142569684208695,-1.2215588126927426,-0.14673320201323659,-0.2187802566102861,-0.49453079155420676,White,Male
19445,0.8664168406269813,-0.5798738956049768,-0.43812160560466173,-0.14673320201323659,-0.2187802566102861,2.420344327886346,White,Male
19851,-0.4953909788754185,-1.5193367264114959,-0.04640300206062135,-0.14673320201323659,-0.2187802566102861,-0.07812006020555637,White,Female
19924,0.5637928807375592,-1.1757104680529553,1.1287528085714997,-0.14673320201323659,-0.2187802566102861,0.5881371099522843,White,Male
20452,-0.6467029588201295,-0.0659207153002869,1.1287528085714997,-0.14673320201323659,-0.2187802566102861,-2.160173716948808,Asian-Pac-Islander,Male
20549,0.4124809007928481,0.002700407202221659,1.1287528085714997,-0.14673320201323659,-0.2187802566102861,0.7547014024917444,White,Male
20584,-1.4789188485160405,-1.380636673037685,-0.43812160560466173,-0.14673320201323659,-0.2187802566102861,-2.5765844482974587,White,Male
20611,0.8664168406269813,-0.5979734384694817,-0.43812160560466173,-0.14673320201323659,-0.2187802566102861,-0.07812006020555637,Black,Male
20642,-0.8736709287371962,-0.11942417569264148,-0.04640300206062135,-0.14673320201323659,-0.2187802566102861,0.25500852487336395,White,Female
20709,-0.7223589487924851,-0.15263191437919135,-0.04640300206062135,-0.14673320201323659,-0.2187802566102861,-0.07812006020555637,White,Female
20820,0.4881368907652036,1.696474939690337,1.1287528085714997,-0.14673320201323659,-0.2187802566102861,-0.07812006020555637,Black,Female
20838,-0.1927670189859963,1.4224637640857554,-0.43812160560466173,-0.14673320201323659,-0.2187802566102861,-0.07812006020555637,White,Male
20860,0.7151048606822703,0.21980025869519051,-0.04640300206062135,-0.14673320201323659,-0.2187802566102861,1.5875228651890452,White,Male
20929,1.6986327303228923,-0.02471396316158918,-0.43812160560466173,-0.14673320201323659,-0.2187802566102861,-1.743762985600158,White,Male
20997,1.1690408005164035,-0.014660765189777332,-0.43812160560466173,-0.14673320201323659,-0.2187802566102861,-1.743762985600158,White,Female
21037,0.33682491082049254,-0.24375440371691343,-0.43812160560466173,-0.14673320201323659,-0.2187802566102861,-0.07812006020555637,White,Male
21107,-0.7980149387648406,-0.01581565233908152,-0.43812160560466173,-0.14673320201323659,-0.2187802566102861,-0.49453079155420676,White,Male
21185,-0.11711102901364075,0.1479038005069504,-0.04640300206062135,-0.14673320201323659,-0.2187802566102861,-2.160173716948808,White,Female
21340,1.8499447102676034,0.3916228541625698,-0.04640300206062135,-0.14673320201323659,-0.2187802566102861,-0.49453079155420676,White,Male
21537,-1.4789188485160405,0.6770693058028847,-0.43812160560466173,-0.14673320201323659,-0.2187802566102861,-1.743762985600158,White,Male
21585,-1.4789188485160405,0.27882256505512165,-0.8298402091487022,-0.14673320201323659,-0.2187802566102861,-1.3273522542515075,White,Male
21700,0.1098569409034259,1.481041154904561,2.303908619203621,-0.14673320201323659,-0.2187802566102861,-0.07812006020555637,White,Male
21795,-1.251950878598974,0.6918367152530038,-0.04640300206062135,-0.14673320201323659,-0.2187802566102861,-0.07812006020555637,White,Female
21860,-1.5545748384883962,0.05336398116186103,-1.2215588126927426,-0.14673320201323659,-0.2187802566102861,-1.743762985600158,White,Female
21868,0.18551293087578144,3.880177213262371,-0.04640300206062135,-0.14673320201323659,-0.2187802566102861,-0.07812006020555637,Black,Female
21869,0.6394488707099147,0.2830161306874311,0.7370342050274594,-0.14673320201323659,3.2581783458469307,-0.07812006020555637,White,Male
22054,-0.7223589487924851,-0.8439738675593823,0.34531560148341905,-0.14673320201323659,-0.2187802566102861,-0.07812006020555637,White,Female
22103,-1.0249829086819073,1.6809407609033848,-0.04640300206062135,-0.14673320201323659,-0.2187802566102861,-0.07812006020555637,White,Female
22159,0.6394488707099147,0.25485392356300524,-0.43812160560466173,-0.14673320201323659,-0.2187802566102861,1.5875228651890452,White,Male
22191,-1.4789188485160405,-0.3709055855976825,-0.04640300206062135,-0.14673320201323659,-0.2187802566102861,-1.9103272781396181,Asian-Pac-Islander,Female
22234,0.33682491082049254,0.2551189796300587,-0.43812160560466173,-0.14673320201323659,-0.2187802566102861,-0.49453079155420676,White,Female
22371,1.3203527804611146,0.10989665374911183,-0.04640300206062135,-0.14673320201323659,-0.2187802566102861,-0.24468435274501651,White,Female
22629,0.7151048606822703,0.0361448030914978,-0.43812160560466173,-0.14673320201323659,-0.2187802566102861,-1.743762985600158,Black,Female
22656,1.4716647604058257,0.5011004761437412,-0.43812160560466173,-0.14673320201323659,-0.2187802566102861,-0.07812006020555637,White,Female
22692,-0.26842300895835186,-0.1661213749345886,-0.04640300206062135,-0.14673320201323659,-0.2187802566102861,-0.07812006020555637,White,Male
22724,-0.7980149387648406,-0.11151035883347508,-1.2215588126927426,-0.14673320201323659,-0.2187802566102861,-0.07812006020555637,White,Female
22940,0.9420728305993369,-0.260292009043425,1.5204714121155403,-0.14673320201323659,4.441035711313555,0.5048549636825542,White,Male
23153,0.33682491082049254,-0.4614506313607525,1.1287528085714997,-0.14673320201323659,-0.2187802566102861,0.338290671143094,Asian-Pac-Islander,Male
23352,0.4881368907652036,-0.670646132282664,0.34531560148341905,-0.14673320201323659,-0.2187802566102861,-0.07812006020555637,White,Male
23357,1.0177288205716926,1.752666825905662,0.34531560148341905,-0.14673320201323659,-0.2187802566102861,0.7547014024917444,White,Male
23369,0.5637928807375592,0.0719179058556004,1.5204714121155403,0.8774667064000998,-0.2187802566102861,0.4215728174128241,White,Male
23673,0.9420728305993369,4.581960482226845,0.34531560148341905,-0.14673320201323659,-0.2187802566102861,0.7547014024917444,White,Male
23683,-0.41973498890306293,-0.5699248268023644,-0.43812160560466173,-0.14673320201323659,-0.2187802566102861,-0.07812006020555637,White,Male
23877,0.5637928807375592,-0.01879753309343249,1.1287528085714997,-0.14673320201323659,-0.2187802566102861,-0.07812006020555637,Asian-Pac-Islander,Male
23897,-0.7980149387648406,0.5885216468308245,1.9121900156595806,-0.14673320201323659,5.557218444488741,-0.07812006020555637,White,Male
23916,-0.1927670189859963,-0.34711680357963803,-0.04640300206062135,-0.14673320201323659,-0.2187802566102861,0.7547014024917444,White,Male
24188,-0.0414550390412852,0.5212920686803464,-0.04640300206062135,-0.14673320201323659,3.4483245194188097,1.5875228651890452,White,Male
24232,1.925600700239959,-0.13442824234548684,2.303908619203621,-0.14673320201323659,-0.2187802566102861,-0.07812006020555637,Asian-Pac-Islander,Male
24435,0.5637928807375592,-0.8488206070712163,-1.2215588126927426,-0.14673320201323659,-0.2187802566102861,-0.49453079155420676,Black,Female
24472,1.6229767403505369,-0.7222279361888813,1.1287528085714997,-0.14673320201323659,-0.2187802566102861,1.5875228651890452,White,Male
24750,0.8664168406269813,-0.5203498759752659,1.1287528085714997,-0.14673320201323659,4.478077173697687,0.7547014024917444,White,Male
25022,1.6229767403505369,0.008967089930413225,0.34531560148341905,-0.14673320201323659,-0.2187802566102861,-0.3279664990147466,Black,Female
25069,0.6394488707099147,-0.2827176455737661,-0.43812160560466173,-0.14673320201323659,-0.2187802566102861,1.2543942801101249,White,Male
25076,1.5473207503781812,0.8472069019868531,-1.613277416236783,-0.14673320201323659,-0.2187802566102861,-0.07812006020555637,White,Male
25166,-1.3276068685713296,-0.0889427279814982,-0.04640300206062135,-0.14673320201323659,-0.2187802566102861,0.338290671143094,White,Female
25246,-0.9493269187095518,0.1329281327184322,-0.04640300206062135,-0.14673320201323659,-0.2187802566102861,-0.3279664990147466,Black,Female
25259,0.7907608506546259,-0.20374987016806514,-0.43812160560466173,-0.14673320201323659,-0.2187802566102861,-0.07812006020555637,White,Male
25406,1.2446967904887591,-0.7033048262588889,1.9121900156595806,13.175192739899513,-0.2187802566102861,-0.07812006020555637,White,Male
25425,-0.7223589487924851,-0.024108120722609934,1.5204714121155403,-0.14673320201323659,-0.2187802566102861,1.5875228651890452,Asian-Pac-Islander,Male
25468,1.1690408005164035,-0.9628704462090591,-0.43812160560466173,-0.14673320201323659,-0.2187802566102861,-0.744377230363397,White,Male
25679,1.2446967904887591,0.9907442285843889,0.34531560148341905,0.7656946300266881,-0.2187802566102861,-0.07812006020555637,White,Female
25748,-0.7980149387648406,-1.2344014543290696,1.1287528085714997,-0.14673320201323659,-0.2187802566102861,-2.160173716948808,White,Female
25759,3.43872049968707,1.8804711816659554,-2.3967146233248635,-0.14673320201323659,-0.2187802566102861,-2.5765844482974587,Black,Male
25898,-0.26842300895835186,-0.39493102481845316,1.1287528085714997,-0.14673320201323659,-0.2187802566102861,-0.07812006020555637,Black,Female
25908,-0.34407899893070737,-0.3931134975015154,-0.04640300206062135,-0.14673320201323659,-0.2187802566102861,2.0039335965376956,White,Male
25962,-1.1762948886266185,-0.46642989890611314,-0.43812160560466173,-0.14673320201323659,-0.2187802566102861,-0.07812006020555637,White,Male
26107,-1.6302308284607516,2.4865218789835994,-1.2215588126927426,-0.14673320201323659,-0.2187802566102861,-2.160173716948808,Black,Female
26221,-1.0249829086819073,0.034497668960522976,0.7370342050274594,-0.14673320201323659,-0.2187802566102861,0.338290671143094,White,Male
26243,0.034200950931070354,1.6661070874365023,-0.43812160560466173,-0.14673320201323659,-0.2187802566102861,-0.07812006020555637,White,Male
26375,1.6229767403505369,0.6245503393738715,1.1287528085714997,-0.14673320201323659,-0.2187802566102861,1.5875228651890452,White,Female
26728,0.4881368907652036,1.3240333003278462,2.303908619203621,-0.14673320201323659,-0.2187802566102861,-0.07812006020555637,White,Male
26731,-1.4789188485160405,1.1571521072533912,-0.43812160560466173,-0.14673320201323659,-0.2187802566102861,-1.3273522542515075,White,Male
26864,0.1098569409034259,1.6830896083041393,-0.04640300206062135,0.1969759243793763,-0.2187802566102861,-0.07812006020555637,White,Male
26906,-0.0414550390412852,0.8284257863784965,1.5204714121155403,-0.14673320201323659,-0.2187802566102861,1.5875228651890452,White,Male
26955,0.5637928807375592,-0.7810041190579771,-0.04640300206062135,-0.14673320201323659,4.078029379949059,-0.07812006020555637,White,Male
27154,0.33682491082049254,-0.08648149307314502,1.9121900156595806,1.854772966561421,-0.2187802566102861,1.5875228651890452,White,Male
27250,0.6394488707099147,3.7299093558193004,-0.43812160560466173,-0.14673320201323659,-0.2187802566102861,-0.07812006020555637,Black,Male
27466,-0.8736709287371962,0.03941067248912029,1.1287528085714997,-0.14673320201323659,-0.2187802566102861,0.9212656950312046,White,Male
27552,-0.4953909788754185,-1.1943685219158942,-0.43812160560466173,-0.14673320201323659,-0.2187802566102861,-0.07812006020555637,Black,Female
27562,0.5637928807375592,0.7651625829457106,0.34531560148341905,-0.14673320201323659,-0.2187802566102861,1.5875228651890452,White,Male
27579,1.4716647604058257,0.21894829276537595,-0.43812160560466173,0.37389287005743443,-0.2187802566102861,-0.07812006020555637,White,Male
27583,-1.6302308284607516,-0.3591105906138053,-1.2215588126927426,-0.14673320201323659,-0.2187802566102861,-1.743762985600158,White,Female
27670,0.8664168406269813,-0.3313838327423958,-0.04640300206062135,-0.14673320201323659,-0.2187802566102861,-0.07812006020555637,White,Male
27709,0.18551293087578144,0.07229655737996243,-0.43812160560466173,-0.14673320201323659,-0.2187802566102861,1.5875228651890452,White,Male
28221,0.034200950931070354,2.6735757320184415,-0.04640300206062135,-0.14673320201323659,-0.2187802566102861,-0.07812006020555637,Black,Female
28228,0.9420728305993369,-0.8778063812611295,-0.43812160560466173,-0.14673320201323659,-0.2187802566102861,-0.07812006020555637,White,Male
28233,-0.0414550390412852,-0.22611870896975195,1.1287528085714997,-0.14673320201323659,-0.2187802566102861,0.25500852487336395,White,Male
28242,0.5637928807375592,0.02990651922763338,-2.3967146233248635,-0.14673320201323659,-0.2187802566102861,-0.9109415229028571,Black,Male
28310,-0.8736709287371962,0.5418433801650955,0.34531560148341905,-0.14673320201323659,-0.2187802566102861,-0.07812006020555637,White,Male
28419,-0.8736709287371962,-1.236928953254186,-0.43812160560466173,-0.14673320201323659,-0.2187802566102861,-0.07812006020555637,White,Male
28504,-0.0414550390412852,-0.3343941123610739,-0.43812160560466173,-0.14673320201323659,4.846022366713401,-0.07812006020555637,White,Male
28717,-0.7223589487924851,-1.2212717127218162,-0.43812160560466173,-0.14673320201323659,-0.2187802566102861,-0.07812006020555637,Asian-Pac-Islander,Female
28754,-1.251950878598974,0.42509564891617313,-0.43812160560466173,-0.14673320201323659,-0.2187802566102861,-0.07812006020555637,White,Male
29133,0.4124809007928481,0.11231055721691977,-1.2215588126927426,-0.14673320201323659,-0.2187802566102861,-0.07812006020555637,Black,Female
29346,0.1098569409034259,-1.0573724004017124,0.34531560148341905,-0.14673320201323659,-0.2187802566102861,2.0039335965376956,White,Female
29399,0.8664168406269813,-0.7768957500186491,-0.04640300206062135,-0.14673320201323659,-0.2187802566102861,-0.07812006020555637,White,Male
29402,2.4551926300464477,-1.0502726843199244,-2.3967146233248635,-0.14673320201323659,-0.2187802566102861,-2.5765844482974587,White,Male
29437,1.925600700239959,-1.2192080619140433,-0.43812160560466173,1.0008289742448904,-0.2187802566102861,0.7547014024917444,White,Female
29440,0.6394488707099147,-0.28726146386611046,0.7370342050274594,-0.14673320201323659,-0.2187802566102861,-0.07812006020555637,White,Female
29572,-1.0249829086819073,-1.0863297757272985,-0.04640300206062135,-0.14673320201323659,-0.2187802566102861,-0.07812006020555637,White,Female
29593,0.7907608506546259,-0.625283679664093,1.5204714121155403,-0.14673320201323659,-0.2187802566102861,0.17172637860363388,White,Male
29626,-0.4953909788754185,0.12300746278014706,-0.43812160560466173,-0.14673320201323659,-0.2187802566102861,-0.07812006020555637,White,Male
29722,1.093384810544048,-0.4576641161171322,-1.2215588126927426,-0.14673320201323659,-0.2187802566102861,-0.07812006020555637,White,Male
29753,-0.11711102901364075,0.7877396800857965,-0.43812160560466173,-0.14673320201323659,-0.2187802566102861,-0.07812006020555637,White,Male
29755,0.4124809007928481,0.8709388862762432,-0.04640300206062135,1.6584058145061065,-0.2187802566102861,0.7547014024917444,White,Male
29782,0.261168920848137,-0.8343750514168049,1.1287528085714997,-0.14673320201323659,-0.2187802566102861,0.08844423233390379,White,Male
29810,1.4716647604058257,0.5724384233335473,-1.613277416236783,0.54308302142124,-0.2187802566102861,-0.07812006020555637,White,Male
29812,0.33682491082049254,-0.24897032846500036,1.1287528085714997,-0.14673320201323659,-0.2187802566102861,1.171112133840395,White,Male
29844,-1.251950878598974,0.03176191169700732,-0.43812160560466173,-0.14673320201323659,-0.2187802566102861,-0.3279664990147466,White,Female
29999,-0.7980149387648406,1.818041011586766,1.1287528085714997,-0.14673320201323659,-0.2187802566102861,0.7547014024917444,White,Male
30089,-1.3276068685713296,-0.07211166772360605,0.7370342050274594,-0.14673320201323659,-0.2187802566102861,-0.07812006020555637,White,Male
30426,1.6986327303228923,3.0588347254805868,-0.04640300206062135,-0.14673320201323659,-0.2187802566102861,-0.07812006020555637,Black,Male
30469,-1.4789188485160405,1.084498346016427,-0.43812160560466173,-0.14673320201323659,-0.2187802566102861,-0.07812006020555637,White,Female
30496,-0.7223589487924851,1.9911320896607583,-0.04640300206062135,-0.14673320201323659,-0.2187802566102861,-0.07812006020555637,White,Female
30555,0.6394488707099147,-0.8087403432174957,-1.2215588126927426,-0.14673320201323659,-0.2187802566102861,0.338290671143094,White,Female
30684,2.606504609991159,-0.722171138460227,-2.788433226868904,-0.14673320201323659,-0.2187802566102861,1.0878299875706647,White,Male
30739,0.034200950931070354,-0.5653999410862383,-0.04640300206062135,-0.14673320201323659,-0.2187802566102861,-0.07812006020555637,White,Male
30807,0.33682491082049254,-0.604931160229634,1.1287528085714997,13.175192739899513,-0.2187802566102861,1.5875228651890452,White,Male
30809,-0.4953909788754185,0.988150465642509,0.34531560148341905,-0.14673320201323659,-0.2187802566102861,-0.07812006020555637,White,Female
30890,1.3960087704334703,-1.3862880470387882,-1.613277416236783,-0.14673320201323659,-0.2187802566102861,-1.743762985600158,Amer-Indian-Eskimo,Female
30928,2.07691268018467,-0.39147582965864963,-0.43812160560466173,0.04297292046082573,-0.2187802566102861,-2.5765844482974587,White,Female
30975,0.4881368907652036,0.8180980660515221,1.1287528085714997,-0.14673320201323659,-0.2187802566102861,-0.07812006020555637,White,Male
31053,-1.1006388986542628,-0.3464825622763317,-0.8298402091487022,-0.14673320201323659,-0.2187802566102861,-0.07812006020555637,Black,Male
31125,0.6394488707099147,-1.2824428664825018,0.34531560148341905,-0.14673320201323659,4.441035711313555,1.5875228651890452,White,Male
31163,0.7151048606822703,-0.8780903699044011,-0.43812160560466173,-0.14673320201323659,-0.2187802566102861,0.338290671143094,White,Female
31226,-0.8736709287371962,-0.8923844649490676,-0.04640300206062135,-0.14673320201323659,-0.2187802566102861,1.171112133840395,White,Male
31426,-0.34407899893070737,-0.293897331830555,-0.04640300206062135,-0.14673320201323659,-0.2187802566102861,0.338290671143094,White,Male
31473,0.4881368907652036,0.8750377890274621,0.7370342050274594,-0.14673320201323659,-0.2187802566102861,-0.07812006020555637,White,Female
31519,-1.1762948886266185,1.1066494601916057,-2.0049960197808234,-0.14673320201323659,-0.2187802566102861,-0.07812006020555637,White,Male
31547,-1.1006388986542628,0.20252428289617297,1.1287528085714997,-0.14673320201323659,-0.2187802566102861,1.5875228651890452,White,Female
31658,1.2446967904887591,-0.367459856725988,-0.04640300206062135,-0.14673320201323659,4.663284485618348,0.338290671143094,White,Male
31810,-0.9493269187095518,1.3994985491331984,1.1287528085714997,-0.14673320201323659,-0.2187802566102861,-0.07812006020555637,White,Male
31959,0.4124809007928481,2.016160955421088,-3.1801518304129446,-0.14673320201323659,-0.2187802566102861,-0.07812006020555637,White,Male
31987,1.093384810544048,-0.9044918474405436,0.7370342050274594,-0.14673320201323659,-0.2187802566102861,-0.3279664990147466,Black,Female
32078,-0.26842300895835186,0.839728534380703,1.1287528085714997,0.8255106756663328,-0.2187802566102861,0.5881371099522843,White,Male
32094,-1.3276068685713296,0.01118220134793109,-0.04640300206062135,-0.14673320201323659,-0.2187802566102861,-1.743762985600158,White,Female
32119,0.1098569409034259,-1.2853206180676533,1.1287528085714997,-0.14673320201323659,-0.2187802566102861,0.7547014024917444,White,Male
32234,-0.0414550390412852,1.022664552088108,1.5204714121155403,-0.14673320201323659,-0.2187802566102861,-0.07812006020555637,Black,Male
32260,-0.7223589487924851,0.3522052304764827,-0.04640300206062135,-0.14673320201323659,-0.2187802566102861,1.171112133840395,White,Male
32268,0.034200950931070354,-1.0657973968187675,-0.04640300206062135,-0.14673320201323659,-0.2187802566102861,1.171112133840395,White,Male
32356,0.6394488707099147,-0.032410055394247406,1.1287528085714997,-0.14673320201323659,-0.2187802566102861,0.7547014024917444,White,Female
32380,2.530848620018803,-0.5768920148506258,-2.788433226868904,-0.14673320201323659,-0.2187802566102861,-0.4112486452844767,Black,Male
32450,-0.26842300895835186,-0.29480609548902387,0.34531560148341905,0.2666502937992742,-0.2187802566102861,0.7547014024917444,White,Male
32813,-0.11711102901364075,-0.12103344467118009,-2.3967146233248635,-0.14673320201323659,-0.2187802566102861,0.7547014024917444,White,Male
32926,-0.6467029588201295,0.22025464052442495,-0.04640300206062135,-0.14673320201323659,-0.2187802566102861,-2.2434558632185384,Black,Male
32980,-0.7980149387648406,0.08290826635020827,0.7370342050274594,-0.14673320201323659,-0.2187802566102861,-0.07812006020555637,White,Male
33177,0.261168920848137,-0.7220291441385912,-0.43812160560466173,-0.14673320201323659,-0.2187802566102861,-0.07812006020555637,White,Male
33262,-0.6467029588201295,-0.6829996382649751,1.5204714121155403,-0.14673320201323659,-0.2187802566102861,-1.743762985600158,Black,Female
33427,-0.41973498890306293,-1.3625655290375072,-0.43812160560466173,-0.14673320201323659,-0.2187802566102861,-0.07812006020555637,White,Male
33570,-1.1006388986542628,1.2987393785004626,-2.0049960197808234,-0.14673320201323659,-0.2187802566102861,-0.07812006020555637,Other,Male
33572,0.8664168406269813,-0.2776910465878602,-0.43812160560466173,-0.14673320201323659,-0.2187802566102861,-0.07812006020555637,White,Female
33624,-0.9493269187095518,1.3681840680684585,-0.04640300206062135,-0.14673320201323659,-0.2187802566102861,-0.07812006020555637,White,Male
33763,-1.4789188485160405,0.10832524992300942,-0.43812160560466173,-0.14673320201323659,-0.2187802566102861,-1.3273522542515075,White,Female
33767,-1.4789188485160405,-1.0202172195736883,-0.04640300206062135,-0.14673320201323659,-0.2187802566102861,-1.743762985600158,White,Female
34091,0.18551293087578144,-0.931660094313519,0.7370342050274594,-0.14673320201323659,-0.2187802566102861,-0.07812006020555637,White,Male
34288,1.3960087704334703,-0.4431238975816303,1.1287528085714997,-0.14673320201323659,-0.2187802566102861,-0.07812006020555637,White,Female
34293,-0.4953909788754185,1.772867884730376,1.1287528085714997,-0.14673320201323659,-0.2187802566102861,-0.744377230363397,White,Male
34337,0.9420728305993369,1.0907082310159644,-0.43812160560466173,0.8774667064000998,-0.2187802566102861,0.7547014024917444,White,Male
34352,0.6394488707099147,-0.9030151064955316,-0.43812160560466173,-0.14673320201323659,-0.2187802566102861,-2.0768915706790785,White,Male
34379,0.4881368907652036,0.9248683296335051,-1.2215588126927426,-0.14673320201323659,-0.2187802566102861,-0.07812006020555637,White,Male
34483,1.0177288205716926,-0.3216240897019645,-0.04640300206062135,-0.14673320201323659,-0.2187802566102861,-0.07812006020555637,White,Male
34532,0.261168920848137,-0.4324080594421849,0.34531560148341905,-0.14673320201323659,-0.2187802566102861,-0.07812006020555637,Amer-Indian-Eskimo,Male
34756,-0.7980149387648406,-0.08336708428526735,-0.43812160560466173,-0.14673320201323659,-0.2187802566102861,-0.07812006020555637,White,Male
34801,0.18551293087578144,0.47699930661809814,1.1287528085714997,-0.14673320201323659,-0.2187802566102861,0.7547014024917444,White,Male
35015,0.4124809007928481,0.1380115294329924,-0.43812160560466173,-0.14673320201323659,-0.2187802566102861,-0.24468435274501651,Black,Female
35051,0.034200950931070354,-0.7647978338152822,-1.2215588126927426,-0.14673320201323659,-0.2187802566102861,-0.07812006020555637,White,Female
35314,-1.1006388986542628,-0.1450399513157327,1.1287528085714997,-0.14673320201323659,4.655876193141522,-0.07812006020555637,White,Female
35340,-0.0414550390412852,0.41496672063948886,-0.04640300206062135,-0.14673320201323659,4.478077173697687,-0.07812006020555637,White,Female
35360,0.4881368907652036,1.855944029175405,-2.788433226868904,-0.14673320201323659,-0.2187802566102861,-0.07812006020555637,Other,Male
35467,1.5473207503781812,-0.7283052931548918,-0.43812160560466173,-0.14673320201323659,-0.2187802566102861,1.5875228651890452,White,Female
35605,-1.1762948886266185,1.1114772671272215,1.1287528085714997,-0.14673320201323659,-0.2187802566102861,-1.3273522542515075,White,Female
35696,1.2446967904887591,-0.5451610171090878,-2.0049960197808234,-0.14673320201323659,-0.2187802566102861,0.338290671143094,White,Male
35768,0.8664168406269813,-1.1438753411422178,2.303908619203621,-0.14673320201323659,-0.2187802566102861,1.171112133840395,White,Male
36128,0.8664168406269813,0.88004545543715,-0.43812160560466173,0.43757231285420534,-0.2187802566102861,0.5881371099522843,White,Male
36306,1.3960087704334703,-0.9669882815364963,2.303908619203621,-0.14673320201323659,-0.2187802566102861,-1.3273522542515075,White,Female
36447,0.6394488707099147,-0.03386786376304121,-0.43812160560466173,-0.14673320201323659,-0.2187802566102861,-0.07812006020555637,White,Male
36522,1.093384810544048,0.23624320114061156,1.1287528085714997,-0.14673320201323659,-0.2187802566102861,3.2531657905836466,White,Male
36587,1.3960087704334703,0.07818458858379197,-0.43812160560466173,-0.14673320201323659,-0.2187802566102861,-0.744377230363397,Black,Female
36859,0.1098569409034259,-1.1382239671411145,-0.43812160560466173,-0.14673320201323659,-0.2187802566102861,-0.07812006020555637,White,Male
36901,-1.251950878598974,0.8357432270867926,-0.43812160560466173,-0.14673320201323659,-0.2187802566102861,-0.07812006020555637,White,Male
36964,0.5637928807375592,0.43165578657574527,1.5204714121155403,13.175192739899513,-0.2187802566102861,1.5875228651890452,Black,Male
36989,-0.8736709287371962,-1.4718254263921704,1.1287528085714997,-0.14673320201323659,-0.2187802566102861,-0.07812006020555637,White,Male
37466,-1.6302308284607516,-0.8839689348201216,-1.2215588126927426,-0.14673320201323659,-0.2187802566102861,-0.07812006020555637,White,Male
37692,2.07691268018467,-1.3413799762494516,-0.43812160560466173,-0.14673320201323659,-0.2187802566102861,-2.0768915706790785,White,Male
37759,-0.26842300895835186,0.4881884591629961,-0.43812160560466173,0.5211016238031078,-0.2187802566102861,-0.07812006020555637,White,Male
37812,-0.8736709287371962,0.2111575376516272,1.1287528085714997,-0.14673320201323659,-0.2187802566102861,0.7547014024917444,White,Male
37844,-0.0414550390412852,0.35858550866198285,-1.2215588126927426,-0.14673320201323659,-0.2187802566102861,-0.07812006020555637,White,Male
37860,1.0177288205716926,0.5497193318718256,1.5204714121155403,1.854772966561421,-0.2187802566102861,0.7547014024917444,White,Male
37916,-1.1006388986542628,0.007083298596712135,-0.43812160560466173,-0.14673320201323659,-0.2187802566102861,-0.07812006020555637,White,Female
37976,0.034200950931070354,0.19325678683741232,1.5204714121155403,-0.14673320201323659,-0.2187802566102861,-0.07812006020555637,White,Female
38109,-0.4953909788754185,-0.650113753374133,-0.43812160560466173,-0.14673320201323659,-0.2187802566102861,1.5875228651890452,White,Male
38122,-1.1006388986542628,-0.7080379703134142,0.34531560148341905,-0.14673320201323659,-0.2187802566102861,-0.07812006020555637,White,Female
38137,-0.41973498890306293,0.3492044171459136,-0.43812160560466173,-0.14673320201323659,-0.2187802566102861,-0.07812006020555637,White,Male
38309,0.7907608506546259,0.5424965540446199,-0.04640300206062135,-0.14673320201323659,-0.2187802566102861,-0.07812006020555637,White,Male
38341,-0.34407899893070737,-0.10518687837662921,1.1287528085714997,-0.14673320201323659,-0.2187802566102861,-0.49453079155420676,Black,Female
38342,0.9420728305993369,-0.14798396691764745,1.1287528085714997,-0.14673320201323659,-0.2187802566102861,-2.743148740836919,White,Male
38383,0.034200950931070354,-0.8223339329420924,-0.43812160560466173,-0.14673320201323659,-0.2187802566102861,-0.07812006020555637,White,Male
38494,-0.26842300895835186,-0.5979450396051545,-0.43812160560466173,-0.14673320201323659,-0.2187802566102861,-0.07812006020555637,White,Male
38565,0.7151048606822703,-0.07122183664135529,-0.04640300206062135,-0.14673320201323659,-0.2187802566102861,0.338290671143094,White,Male
38821,-0.4953909788754185,-0.8481768994798009,-0.04640300206062135,-0.14673320201323659,-0.2187802566102861,-2.160173716948808,White,Female
38826,-0.41973498890306293,-0.5877025158711617,1.1287528085714997,1.0008289742448904,-0.2187802566102861,-0.07812006020555637,White,Male
38855,-1.3276068685713296,-0.7253896764173042,-0.43812160560466173,-0.14673320201323659,-0.2187802566102861,-1.8270451318698882,White,Female
38968,-0.8736709287371962,0.08494351829365418,1.5204714121155403,-0.14673320201323659,-0.2187802566102861,-0.3279664990147466,White,Male
39037,1.5473207503781812,-0.2275670510504367,0.7370342050274594,-0.14673320201323659,-0.2187802566102861,-0.744377230363397,White,Male
39069,0.1098569409034259,0.24973266169600883,-0.43812160560466173,-0.14673320201323659,-0.2187802566102861,-0.07812006020555637,Black,Female
39229,-0.41973498890306293,-0.6341062601817282,0.34531560148341905,-0.14673320201323659,-0.2187802566102861,-0.07812006020555637,Asian-Pac-Islander,Male
39311,-0.34407899893070737,-0.43742519213998177,-0.43812160560466173,-0.14673320201323659,-0.2187802566102861,-0.07812006020555637,White,Male
39348,-1.1006388986542628,0.09427727836917817,0.7370342050274594,-0.14673320201323659,-0.2187802566102861,-0.9109415229028571,White,Male
39365,1.3960087704334703,-1.315281419932799,0.34531560148341905,-0.14673320201323659,-0.2187802566102861,-1.743762985600158,White,Male
39639,-1.4789188485160405,0.37658092235728824,-2.3967146233248635,-0.14673320201323659,-0.2187802566102861,-0.07812006020555637,White,Male
39666,0.1098569409034259,0.21018250997639498,-1.613277416236783,-0.14673320201323659,-0.2187802566102861,-0.07812006020555637,White,Male
39697,1.6986327303228923,-1.362574995325616,-0.43812160560466173,-0.14673320201323659,-0.2187802566102861,-0.4112486452844767,White,Female
39755,-0.6467029588201295,-0.8827761825183812,0.34531560148341905,-0.14673320201323659,-0.2187802566102861,-0.744377230363397,White,Female
39818,1.0177288205716926,1.9194533560990263,1.1287528085714997,-0.14673320201323659,-0.2187802566102861,1.5875228651890452,White,Male
39990,-0.1927670189859963,-0.46106251354828137,-0.43812160560466173,-0.14673320201323659,-0.2187802566102861,-0.07812006020555637,White,Female
40045,1.3203527804611146,0.9929025422732525,-2.788433226868904,-0.14673320201323659,-0.2187802566102861,-0.07812006020555637,White,Male
40063,1.2446967904887591,0.08971452750061573,-0.04640300206062135,0.54308302142124,-0.2187802566102861,-0.07812006020555637,White,Female
40187,-0.26842300895835186,0.3217616479177756,0.7370342050274594,-0.14673320201323659,-0.2187802566102861,2.0039335965376956,White,Male
40357,-0.5710469688477741,-0.11490875626462428,-0.04640300206062135,-0.14673320201323659,-0.2187802566102861,-0.07812006020555637,White,Female
40363,2.2282246601293814,-1.465833266019141,-0.43812160560466173,-0.14673320201323659,-0.2187802566102861,-2.909713033376379,White,Female
40518,1.2446967904887591,0.039382273624793136,-0.43812160560466173,-0.14673320201323659,-0.2187802566102861,-0.24468435274501651,White,Female
40524,0.9420728305993369,-0.7733742908420822,2.303908619203621,-0.14673320201323659,-0.2187802566102861,-0.07812006020555637,White,Female
40704,-1.251950878598974,2.8711182322781115,-0.43812160560466173,-0.14673320201323659,-0.2187802566102861,-0.07812006020555637,Black,Male
40916,-0.7980149387648406,-0.3955368672574324,0.34531560148341905,-0.14673320201323659,-0.2187802566102861,0.08844423233390379,White,Male
41041,1.093384810544048,1.5009014273573493,-0.43812160560466173,-0.14673320201323659,-0.2187802566102861,-0.07812006020555637,White,Male
41111,-1.1006388986542628,1.6125089641630572,-1.2215588126927426,-0.14673320201323659,-0.2187802566102861,-0.07812006020555637,White,Male
41245,0.1098569409034259,-0.22847581470890557,-0.43812160560466173,0.39467528235094124,-0.2187802566102861,-0.07812006020555637,White,Male
41774,0.8664168406269813,0.11595507813890428,-2.3967146233248635,-0.14673320201323659,-0.2187802566102861,-0.07812006020555637,White,Male
41897,-0.34407899893070737,-0.6144353134911209,-1.613277416236783,-0.14673320201323659,-0.2187802566102861,3.2531657905836466,White,Male
41899,0.5637928807375592,1.5169846508546265,1.1287528085714997,-0.14673320201323659,-0.2187802566102861,-0.07812006020555637,White,Male
41938,0.6394488707099147,-0.20929711499996886,1.5204714121155403,-0.14673320201323659,-0.2187802566102861,-0.07812006020555637,White,Female
41953,-0.5710469688477741,0.1081169915846103,-0.04640300206062135,-0.14673320201323659,-0.2187802566102861,1.171112133840395,White,Female
41997,1.3203527804611146,-0.40876127174577626,-0.43812160560466173,-0.14673320201323659,-0.2187802566102861,-0.07812006020555637,Black,Female
42068,-1.5545748384883962,1.389398019720841,-1.2215588126927426,-0.14673320201323659,-0.2187802566102861,-2.160173716948808,White,Female
42208,-0.0414550390412852,1.6805053116503685,2.303908619203621,-0.14673320201323659,-0.2187802566102861,-0.07812006020555637,White,Male
42437,-0.1927670189859963,-0.5412041086795046,1.9121900156595806,-0.14673320201323659,-0.2187802566102861,-2.160173716948808,White,Female
42543,-0.26842300895835186,-0.529125125052356,-0.43812160560466173,-0.14673320201323659,-0.2187802566102861,1.5875228651890452,White,Male
42544,0.7151048606822703,-1.3174018684692261,-0.04640300206062135,-0.14673320201323659,-0.2187802566102861,-0.07812006020555637,White,Female
42752,-0.11711102901364075,-1.2137365473870119,-0.43812160560466173,-0.14673320201323659,-0.2187802566102861,0.7547014024917444,White,Male
42845,-0.4953909788754185,0.09117233586940954,-1.613277416236783,-0.14673320201323659,-0.2187802566102861,-2.0768915706790785,White,Male
43005,-0.0414550390412852,0.2250824474600408,-0.04640300206062135,-0.14673320201323659,-0.2187802566102861,0.7547014024917444,White,Male
43037,-0.6467029588201295,-0.2448714257137814,-0.43812160560466173,-0.14673320201323659,-0.2187802566102861,-0.07812006020555637,White,Male
43174,-0.6467029588201295,-0.28977949650311796,-0.43812160560466173,-0.14673320201323659,-0.2187802566102861,0.338290671143094,White,Male
43284,-0.26842300895835186,-0.5603544095241142,1.5204714121155403,-0.14673320201323659,3.6434095546419063,-0.07812006020555637,White,Male
43325,-1.251950878598974,-0.9739460032966485,-0.04640300206062135,-0.14673320201323659,-0.2187802566102861,-1.743762985600158,White,Female
43345,1.6229767403505369,-0.21721093185913526,-0.04640300206062135,-0.14673320201323659,3.2581783458469307,0.7547014024917444,White,Male
43373,0.4124809007928481,-0.13882060002808636,1.1287528085714997,-0.14673320201323659,-0.2187802566102861,2.8367550592349966,White,Female
43411,0.18551293087578144,-0.07116503891270098,-0.04640300206062135,-0.14673320201323659,-0.2187802566102861,-0.9109415229028571,White,Female
43429,-1.1006388986542628,-0.2723141949419194,-0.43812160560466173,-0.14673320201323659,-0.2187802566102861,-0.07812006020555637,White,Male
43510,0.6394488707099147,1.5090803002835693,0.34531560148341905,-0.14673320201323659,-0.2187802566102861,0.338290671143094,White,Male
43881,-1.403262858543685,-1.1025265946818843,-0.04640300206062135,-0.14673320201323659,-0.2187802566102861,-0.07812006020555637,Asian-Pac-Islander,Male
43886,-1.3276068685713296,-1.4796919118107914,-0.04640300206062135,-0.14673320201323659,-0.2187802566102861,-0.49453079155420676,White,Female
43948,1.1690408005164035,0.32632439878633807,-0.43812160560466173,0.7656946300266881,-0.2187802566102861,0.7547014024917444,White,Male
43979,1.8499447102676034,-0.7913223730968424,-2.3967146233248635,-0.14673320201323659,-0.2187802566102861,0.338290671143094,White,Male
44040,-0.7223589487924851,-0.3528439078856137,1.1287528085714997,-0.14673320201323659,-0.2187802566102861,-0.07812006020555637,White,Female
44256,-0.1927670189859963,-0.8236213481249234,-0.43812160560466173,-0.14673320201323659,-0.2187802566102861,-0.07812006020555637,White,Male
44612,-0.11711102901364075,-0.5934106876009193,-0.04640300206062135,-0.14673320201323659,-0.2187802566102861,-0.07812006020555637,White,Female
44665,1.093384810544048,2.362106454366346,1.1287528085714997,-0.14673320201323659,-0.2187802566102861,-0.07812006020555637,Black,Male
44868,-1.6302308284607516,0.18852364278288697,-0.8298402091487022,-0.14673320201323659,-0.2187802566102861,-1.743762985600158,White,Male
44915,0.261168920848137,-0.38043813772349655,-0.04640300206062135,-0.14673320201323659,-0.2187802566102861,-0.9109415229028571,White,Male
44931,-0.1927670189859963,-1.5855060802937602,-0.43812160560466173,-0.14673320201323659,-0.2187802566102861,-0.07812006020555637,White,Male
44951,0.7907608506546259,-0.144916889570315,-0.04640300206062135,-0.14673320201323659,4.663284485618348,0.7547014024917444,White,Male
44984,-0.8736709287371962,0.038549240271196675,-0.43812160560466173,-0.14673320201323659,4.080498810774667,-0.07812006020555637,White,Male
45097,-0.11711102901364075,0.25861203994229837,-0.43812160560466173,-0.14673320201323659,-0.2187802566102861,-0.07812006020555637,White,Male
45109,1.2446967904887591,-0.8120819429199906,0.34531560148341905,-0.14673320201323659,-0.2187802566102861,1.5875228651890452,White,Male
45112,-0.5710469688477741,-0.5018432827220718,-0.43812160560466173,-0.14673320201323659,-0.2187802566102861,-0.07812006020555637,White,Female
45194,0.7907608506546259,-1.0659299248522942,-0.43812160560466173,-0.14673320201323659,-0.2187802566102861,-0.07812006020555637,White,Male
